source,shared_from,date,text,reactions,likes,ahah,love,wow,sigh,grrr,comments,post_id,url
Mortgage Consultancy,,2019-10-18 11:50:34,"GOOD NEWS FOR ALL PROPERTY OWNERS!! COMPLIMENTARY $10,000.00 HOME INSURANCE POLICY to be Given Away! Very simple! 1) All you have to do is to LIKE our FB page at www.facebook.com/consultmortgage and 2) Share this post (as public) & Tag 5 friends or more! üôãüèº‚ôÄüôãüèª‚ôÇüôãüèª‚ôÄüôãüèº‚ôÄüôãüèª‚ôÇüôãüèª‚ôÄ After you have done the 2 steps, take a screenshot on the above and send us a whatspp/SMS text to +65 85565271 to claim your COMPLIMENTARY GIFT. Simply NO catch! It‚Äôs just a way of us saying thank you to you! We feel that the gift is relevant and beneficial for all property owners as it serves as an added coverage for home contents and renovation!  Do visit our FB page regularly for more promos and updates! Good luck!!",8,8,,,,,,,1461865070634761,/story.php?story_fbid=1461865070634761&id=409881809166431
Mortgage Consultancy,,2019-10-17 10:43:07,,13,13,,,,,,,1460832967404638,/story.php?story_fbid=1460832967404638&id=409881809166431
Mortgage Consultancy,,2019-10-17 10:42:46,,12,11,1,,,,,,1460832650738003,/story.php?story_fbid=1460832650738003&id=409881809166431
Mortgage Consultancy,,2019-10-17 10:42:22,,12,7,4,,1,,,,1460832334071368,/story.php?story_fbid=1460832334071368&id=409881809166431
Mortgage Consultancy,,2019-10-17 10:42:00,,7,7,,,,,,,1460832000738068,/story.php?story_fbid=1460832000738068&id=409881809166431
Mortgage Consultancy,,2019-10-15 12:26:58,,21,21,,,,,,,1459002500921018,/story.php?story_fbid=1459002500921018&id=409881809166431
Mortgage Consultancy,,2019-10-12 09:04:10,"***EARN $300 to $500.00 IN COMMISSION FOR EVERY 30 MINUTE APPOINTMENT*** Calling All Sales Personnel in Telemarketing, Roadshow, Insurance, Car Sales, Credit Card, Internet Broadband Sales etc. NO exams required and $0 entry fee! Full or part time basis option. SMS 85565271 for a 1-to-1 Career Session Now! https://www.mortgageconsultancy.com.sg/mortgage-academy",6,6,,,,,,2,1456071034547498,/story.php?story_fbid=1456071034547498&id=409881809166431
Mortgage Consultancy,,2019-10-11 16:43:58,How can Private Property Owners Unlock CASH WITHOUT Selling their Property? | Equity Term Loan,7,7,,,,,,,1455447134609888,/story.php?story_fbid=1455447134609888&id=409881809166431
Mortgage Consultancy,,2019-10-11 14:41:49,"Hey there, if you have not visited our Mortgage Consultancy Youtube channel, make sure you do so and hit the ‚ÄúSUBSCRIBE button‚Äù! Many good stuff and updates can be found in this channel! We just crossed our 700 subscriber mark and the numbers are still growing! Thanks for watching! https://www.youtube.com/c/MortgageConsultancy",4,4,,,,,,,1455345281286740,/story.php?story_fbid=1455345281286740&id=409881809166431
Mortgage Consultancy,,2019-10-11 14:41:24,,1,1,,,,,,,1455344894620112,/consultmortgage/photos/a.1455344844620117/1455344894620112
Mortgage Consultancy,,2019-10-11 08:07:55,,4,4,,,,,,,1455136314640970,/story.php?story_fbid=1455136314640970&id=409881809166431
Mortgage Consultancy,,2019-10-11 08:07:31,,8,8,,,,,,,1455136014641000,/story.php?story_fbid=1455136014641000&id=409881809166431
Mortgage Consultancy,,2019-10-11 08:06:12,,7,7,,,,,,,1455135394641062,/story.php?story_fbid=1455135394641062&id=409881809166431
Mortgage Consultancy,,2019-10-11 08:05:16,,5,5,,,,,,,1455134854641116,/story.php?story_fbid=1455134854641116&id=409881809166431
Mortgage Consultancy,,2019-10-10 22:04:25,,5,5,,,,,,,1454768241344444,/story.php?story_fbid=1454768241344444&id=409881809166431
Mortgage Consultancy,,2019-10-10 21:52:10,Learn how you can convert one flat into a brand new condo or even multiple private properties by leveraging on our creative financing methods. 1. NO A.B.S.D 2. Maximum loan of 75%-90% by our bank partners 3. NO CASH upfront for property purchase 4. $100K-$300K as your excess savings 5. A list of undervalued undervalued properties near to MRT stations and good schools less than $1K Psf Curious about it? Click here to find out more.,6,6,,,,,,,1454758858012049,/story.php?story_fbid=1454758858012049&id=409881809166431
Mortgage Consultancy,,2019-10-10 21:49:16,"Government-Assisted Business Loan from Banks in Singapore at the LOWEST FIXED Rate from 0.3%/month for SME & Business Owners! Compare 16 Banks in Singapore and Leave the Tedious Application and Approval Work to Us so that You can Focus on Expanding your Business. Up to S$400,000.00 or More Business CASH Loan for You to Apply With Us. Get the Best Deal for Business Loan Now!",7,7,,,,,,,1454756458012289,/story.php?story_fbid=1454756458012289&id=409881809166431
Mortgage Consultancy,,2019-10-09 00:04:41,PRIVATE PROPERTY Owners who are Facing Problems in Refinancing their Home Loans!,8,8,,,,,,,1453046674849934,/story.php?story_fbid=1453046674849934&id=409881809166431
Mortgage Consultancy,,2019-10-07 22:34:57,,5,5,,,,,,,1452072168280718,/story.php?story_fbid=1452072168280718&id=409881809166431
Mortgage Consultancy,,2019-10-07 22:34:20,,1,1,,,,,,,1452071738280761,/story.php?story_fbid=1452071738280761&id=409881809166431
Mortgage Consultancy,,2019-10-07 22:33:56,,5,5,,,,,,,1452071434947458,/story.php?story_fbid=1452071434947458&id=409881809166431
Mortgage Consultancy,,2019-10-07 22:33:26,,5,5,,,,,,,1452070964947505,/story.php?story_fbid=1452070964947505&id=409881809166431
Mortgage Consultancy,,2019-10-07 18:53:27,,6,6,,,,,,,1451921131629155,/story.php?story_fbid=1451921131629155&id=409881809166431
Mortgage Consultancy,,2019-10-06 19:48:30,,2,2,,,,,,,1451066365047965,/story.php?story_fbid=1451066365047965&id=409881809166431
Mortgage Consultancy,,2019-10-06 18:15:43,Power Motivation by Mortgage Consultancy. #singapore #motivation #mortgagebroker,2,2,,,,,,,1451008671720401,/story.php?story_fbid=1451008671720401&id=409881809166431
Mortgage Consultancy,,2019-10-05 22:25:49,The Lowest Business Bank Loan Fixed Rates for SME & Business Owners!,10,10,,,,,,,1450271735127428,/story.php?story_fbid=1450271735127428&id=409881809166431
Mortgage Consultancy,,2019-10-03 17:00:17,,3,3,,,,,,,1448250161996252,/story.php?story_fbid=1448250161996252&id=409881809166431
Mortgage Consultancy,,2019-10-02 11:50:54,"LOWEST Home Loan FIXED Rate from 1.8%+! Compare 16 Banks at Zero Cost. ‚Ä™Up to $3,000 Cash Subsidy & $540 Shopping Vouchers To Be Given Out. Get The Best Deal For Home Loan And Refinancing Now! https://www.mortgageconsultancy.com.sg",3,3,,,,,,,1447162918771643,/story.php?story_fbid=1447162918771643&id=409881809166431
Mortgage Consultancy,,2019-10-01 11:19:29,,8,8,,,,,,,1446265532194715,/story.php?story_fbid=1446265532194715&id=409881809166431
Mortgage Consultancy,,2019-10-01 11:19:12,,1,1,,,,,,,1446265378861397,/story.php?story_fbid=1446265378861397&id=409881809166431
Mortgage Consultancy,,2019-09-30 14:46:06,Creative Financing for Multiple Properties Investors in Singapore! https://youtu.be/gX33oqWKFaE,2,2,,,,,,,1445574358930499,/story.php?story_fbid=1445574358930499&id=409881809166431
Mortgage Consultancy,,2019-09-25 23:49:04,Bridging Loan from Banks for Property Sellers and Buyers https://youtu.be/sUVrVvv8k3U,7,7,,,,,,,1441371422684126,/story.php?story_fbid=1441371422684126&id=409881809166431
Mortgage Consultancy,,2019-09-22 08:15:44,Power Motivation by Mortgage Consultancy. #singapore #motivation #mortgagebroker,4,4,,,,,,,1438227959665139,/story.php?story_fbid=1438227959665139&id=409881809166431
Mortgage Consultancy,,2019-09-20 10:20:21,,26,25,,1,,,,,1436558679832067,/story.php?story_fbid=1436558679832067&id=409881809166431
Mortgage Consultancy,,2019-09-20 10:19:58,,23,23,,,,,,,1436558316498770,/story.php?story_fbid=1436558316498770&id=409881809166431
Mortgage Consultancy,,2019-09-20 10:19:40,,16,15,1,,,,,,1436558093165459,/story.php?story_fbid=1436558093165459&id=409881809166431
Mortgage Consultancy,,2019-09-20 10:19:03,,24,23,,1,,,,,1436557663165502,/story.php?story_fbid=1436557663165502&id=409881809166431
Mortgage Consultancy,,2019-09-20 10:18:43,,23,23,,,,,,,1436557323165536,/story.php?story_fbid=1436557323165536&id=409881809166431
Mortgage Consultancy,,2019-09-18 18:45:44,Power Motivation by Mortgage Consultancy. #singapore #motivation #mortgagebroker,40,39,,1,,,,,1435111746643427,/story.php?story_fbid=1435111746643427&id=409881809166431
Mortgage Consultancy,,2019-09-18 15:29:08,How to use good debt to achieve financial success and retirement?,40,40,,,,,,,1434978483323420,/story.php?story_fbid=1434978483323420&id=409881809166431
Mortgage Consultancy,,2019-09-18 09:20:33,Learn how you can convert one flat into a brand new condo or even multiple private properties by leveraging on our creative financing methods.  1. NO A.B.S.D  2. Maximum loan of 75%-90% by our bank partners  3. NO CASH upfront for property purchase  4. $100K-$300K as your excess savings  5. A list of undervalued undervalued properties near to MRT stations and good schools less than $1K Psf   Curious about it?  Click here to find out more. https://www.mortgageconsultancy.com.sg/investors-program,42,42,,,,,,,1434742310013704,/story.php?story_fbid=1434742310013704&id=409881809166431
Mortgage Consultancy,,2019-09-16 08:34:24,,46,44,1,,1,,,,1432998760188059,/story.php?story_fbid=1432998760188059&id=409881809166431
Mortgage Consultancy,,2019-09-15 21:56:31,4 Ways to Reduce Your Monthly Instalment for Home Loan,54,52,1,1,,,,,1432603800227555,/story.php?story_fbid=1432603800227555&id=409881809166431
Mortgage Consultancy,,2019-09-15 17:33:07,"‚ÄúWe advised our home owner client NOT to refinance his mortgage loan!‚Äù  After our analysing and calculation work, we find out that some home owners are in a better position to stay onto the mortgage loans with their current bank or HDB loan instead.  For those who refinance their home loan, our LOWEST FIXED rates are from 1.8%+! Simply click the below to grab your FREE consultation. https://www.mortgageconsultancy.com.sg/",43,41,,2,,,,,1432440573577211,/story.php?story_fbid=1432440573577211&id=409881809166431
Mortgage Consultancy,,2019-09-14 09:37:53,,46,44,,,2,,,,1431277837026818,/story.php?story_fbid=1431277837026818&id=409881809166431
Mortgage Consultancy,,2019-09-14 09:37:24,,36,36,,,,,,,1431277533693515,/story.php?story_fbid=1431277533693515&id=409881809166431
Mortgage Consultancy,,2019-09-14 09:37:04,,40,40,,,,,,1,1431277307026871,/story.php?story_fbid=1431277307026871&id=409881809166431
Mortgage Consultancy,,2019-09-14 09:36:46,,42,42,,,,,,,1431277087026893,/story.php?story_fbid=1431277087026893&id=409881809166431
Mortgage Consultancy,,2019-09-14 09:36:16,,37,37,,,,,,,1431276800360255,/story.php?story_fbid=1431276800360255&id=409881809166431
Mortgage Consultancy,,2019-09-10 22:08:52,"Are you facing the problems in refinancing your private property home loan with banks due to the unsecured credit card and personal loan debt?  This may result you in overpaying higher interest!  If you are in this situation, we may have a SOLUTION here!  We can help you refinance both your unsecured loans and home loan to SAVE on interest payment and LOWER down your monthly instalment commitment. Click below for a quick FREE assessment! https://youtu.be/cdzBrNVuWiA",27,27,,,,,,,1428360997318502,/story.php?story_fbid=1428360997318502&id=409881809166431
Mortgage Consultancy,,2019-09-10 20:28:57,,33,33,,,,,,,1428288730659062,/story.php?story_fbid=1428288730659062&id=409881809166431
Mortgage Consultancy,,2019-09-09 10:26:26,"LOWEST Home Loan FIXED Rate from 1.8%+! Compare 16 Banks at Zero Cost. ‚Ä™Up to $3,000 Cash Subsidy & $540 Shopping Vouchers To Be Given Out. Get The Best Deal For Home Loan And Refinancing Now! https://www.mortgageconsultancy.com.sg",43,43,,,,,,,1427186944102574,/story.php?story_fbid=1427186944102574&id=409881809166431
Mortgage Consultancy,,2019-09-08 17:23:16,"Hard Work will Pay Off Eventually! ‚ûñ‚ûñ‚ñ∂ Comment, Like, & Share The Message! Power Motivation by Mortgage Consultancy. #singapore #motivation #mortgagebroker https://youtu.be/gEVuWDwD6dA",28,28,,,,,,,1426575297497072,/story.php?story_fbid=1426575297497072&id=409881809166431
Mortgage Consultancy,,2019-09-08 16:26:41,,49,49,,,,,,1,1426548027499799,/story.php?story_fbid=1426548027499799&id=409881809166431
Mortgage Consultancy,,2019-09-08 16:25:53,,33,33,,,,,,,1426547644166504,/story.php?story_fbid=1426547644166504&id=409881809166431
Mortgage Consultancy,,2019-09-08 16:25:27,,39,39,,,,,,,1426547450833190,/story.php?story_fbid=1426547450833190&id=409881809166431
Mortgage Consultancy,,2019-09-07 22:54:52,"Pay the SAME Home Loan Instalment Amount Monthly when You Upgrade to a Condo and Get Up to $150,000 to $300,000 CASH Proceeds!  Allow Us to Share with You a Different Perspective on How You can Upgrade to a Condo Using our Financing Methodology.  Curious about it? Simply click here to find out more! https://www.mortgageconsultancy.com.sg/investors-program",31,31,,,,,,,1425966940891241,/story.php?story_fbid=1425966940891241&id=409881809166431
Mortgage Consultancy,,2019-09-05 15:21:10,LOWER your Monthly Car Loan Instalments by $200-$500 and Get CASH from our Car Loan Financing.  Fast Approval and Hassle Free Paperwork for our Car Owners. Get The Best Deal For Car Loan And Refinancing Now! https://youtu.be/Oq_-RKTYOYs,34,33,,1,,,,,1423866037767998,/story.php?story_fbid=1423866037767998&id=409881809166431
Mortgage Consultancy,,2019-09-04 22:03:45,#singapore #motivation #mortgagebroker,32,32,,,,,,,1423259387828663,/story.php?story_fbid=1423259387828663&id=409881809166431
Mortgage Consultancy,,2019-09-04 00:19:31,"This Post is for All HDB Owners and Aspiring Property Upgraders!  Today we are going to give out a FREE consultation session on how average Singaporeans can OWN their condo or landed property WITHOUT any CASH downpayment with our guided Creative financing methods.  With this, say ‚ÄúNO‚Äù to paying thousands of dollars for the monthly home instalment on your old and value depreciating HDB flat and keep your money for better use instead.  Curious about it?  Simply click here to find out more! https://www.mortgageconsultancy.com.sg/investors-program",26,26,,,,,,,1422522327902369,/story.php?story_fbid=1422522327902369&id=409881809166431
Mortgage Consultancy,,2019-09-03 15:22:01,,29,29,,,,,,,1422175314603737,/story.php?story_fbid=1422175314603737&id=409881809166431
Mortgage Consultancy,,2019-09-03 15:21:03,,19,19,,,,,,,1422174897937112,/story.php?story_fbid=1422174897937112&id=409881809166431
Mortgage Consultancy,,2019-09-03 15:18:02,,31,31,,,,,,,1422173594603909,/story.php?story_fbid=1422173594603909&id=409881809166431
Mortgage Consultancy,,2019-09-03 15:17:28,,31,31,,,,,,,1422173314603937,/story.php?story_fbid=1422173314603937&id=409881809166431
Mortgage Consultancy,,2019-09-03 15:16:49,,27,27,,,,,,,1422172971270638,/story.php?story_fbid=1422172971270638&id=409881809166431
Mortgage Consultancy,,2019-09-03 09:43:53,#singapore #motivation #mortgagebroker,25,25,,,,,,,1422013687953233,/story.php?story_fbid=1422013687953233&id=409881809166431
Mortgage Consultancy,,2019-09-02 00:13:15,#singapore #motivation #mortgagebroker,14,14,,,,,,,1420894811398454,/story.php?story_fbid=1420894811398454&id=409881809166431
Mortgage Consultancy,,2019-09-01 23:50:21,"Every Obstacle Faced is a Step Closer to Success! ‚ûñ‚ûñ‚ñ∂ Comment, Like, & Share The Message! Power Motivation by Mortgage Consultancy. #singapore #motivation #mortgagebroker https://youtu.be/vGZq-G0AuLo",15,15,,,,,,,1420879204733348,/story.php?story_fbid=1420879204733348&id=409881809166431
Mortgage Consultancy,,2019-09-01 21:38:54,ESPECIALLY FOR ALL CAR OWNERS IN SINGAPORE! LOWER your Monthly Car Loan Instalments by $200-$500 and Get CASH from our Creative Car Loan Financing.  Fast Approval and Hassle Free Paperwork for our Car Owners. Get The Best Deal For Car Loan And Refinancing Now! PM out Hotline at +65 85565271 to Get a FREE Quote Now! https://youtu.be/Oq_-RKTYOYs,25,25,,,,,,,1420786058075996,/story.php?story_fbid=1420786058075996&id=409881809166431
Mortgage Consultancy,,2019-09-01 16:29:00,ESPECIALLY FOR ALL CAR OWNERS IN SINGAPORE! LOWER your Monthly Car Loan Instalments by $200-$500 and Get CASH from our Creative Car Loan Financing.  Fast Approval and Hassle Free Paperwork for our Car Owners. Get The Best Deal For Car Loan And Refinancing Now! PM out Hotline at +65 85565271 to Get a FREE Quote Now! https://youtu.be/Oq_-RKTYOYs,35,35,,,,,,1,1420587078095894,/story.php?story_fbid=1420587078095894&id=409881809166431
Mortgage Consultancy,,2019-08-28 21:20:56,"Stay Focus and Don't Look Back! ‚ûñ‚ûñ‚ñ∂ Comment, Like, & Share The Message!  Power Motivation by Mortgage Consultancy.  #singapore #motivation #mortgagebroker https://youtu.be/X5v1LE4Sbt4",24,24,,,,,,,1417592511728684,/story.php?story_fbid=1417592511728684&id=409881809166431
Mortgage Consultancy,,2019-08-26 22:04:49,"LOWEST Home Loan FIXED Rate from 1.8%+! Compare 16 Banks at Zero Cost. ‚Ä™Up to $3,000 Cash Subsidy & $540 Shopping Vouchers To Be Given Out. Get The Best Deal For Home Loan And Refinancing Now! https://www.mortgageconsultancy.com.sg",30,30,,,,,,,1416053395215929,/story.php?story_fbid=1416053395215929&id=409881809166431
Mortgage Consultancy,,2019-08-26 21:59:24,,33,33,,,,,,1,1416049925216276,/story.php?story_fbid=1416049925216276&id=409881809166431
Mortgage Consultancy,,2019-08-26 21:58:54,,28,28,,,,,,,1416049485216320,/story.php?story_fbid=1416049485216320&id=409881809166431
Mortgage Consultancy,,2019-08-25 23:32:35,,36,36,,,,,,,1415321648622437,/story.php?story_fbid=1415321648622437&id=409881809166431
Mortgage Consultancy,,2019-08-24 21:50:05,"<CHEERS! 1.8%+ FIXED RATE PROMO EXTENDED!> LOWEST Home Loan FIXED Rate from 1.8%+! Compare 16 Banks at Zero Cost. ‚Ä™Up to $3,000 Cash Subsidy & $540 Shopping Vouchers To Be Given Out. Get The Best Deal For Home Loan And Refinancing Now! https://www.mortgageconsultancy.com.sg/",32,31,,1,,,,,1414459972041938,/story.php?story_fbid=1414459972041938&id=409881809166431
Mortgage Consultancy,,2019-08-24 21:23:48,"You Don't Try, You Wouldn't Know! ‚ûñ‚ûñ‚ñ∂ Comment, Like, & Share The Message! Power Motivation by Mortgage Consultancy. #singapore #motivation #mortgagebroker https://youtu.be/iZnC9fh1ZQQ",25,25,,,,,,,1414444745376794,/story.php?story_fbid=1414444745376794&id=409881809166431
Mortgage Consultancy,,2019-08-22 21:44:31,,37,35,2,,,,,,1412841792203756,/story.php?story_fbid=1412841792203756&id=409881809166431
Mortgage Consultancy,,2019-08-22 21:42:51,,49,49,,,,,,1,1412840248870577,/story.php?story_fbid=1412840248870577&id=409881809166431
Mortgage Consultancy,,2019-08-21 00:33:45,"Hey there, if you have not visited our Mortgage Consultancy Youtube channel, make sure you do so and hit the ‚ÄúSUBSCRIBE button‚Äù!  Many good stuff and updates can be found in this channel! We just crossed our 500 subscriber mark and the numbers are still growing!  Thanks for watching! https://www.youtube.com/c/MortgageConsultancy",25,25,,,,,,,1411422545679014,/story.php?story_fbid=1411422545679014&id=409881809166431
Mortgage Consultancy,,2019-08-20 00:14:09,,19,19,,,,,,,1410607835760485,/story.php?story_fbid=1410607835760485&id=409881809166431
Mortgage Consultancy,,2019-08-20 00:07:27,"Age is Never a Barrier to Success! ‚ûñ‚ûñ‚ñ∂ Comment, Like, & Share The Message! Power Motivation by Mortgage Consultancy. Call us on - (+65-85565271) Visit us at - https://www.mortgageconsultancy.com.sg/ -www.facebook.com/consultmortgage #singapore #motivation #mortgagebroker https://youtu.be/TTNAq5llAis",19,18,,,1,,,,1410602855760983,/story.php?story_fbid=1410602855760983&id=409881809166431
Mortgage Consultancy,,2019-08-19 23:43:03,"<1.8%+ FIXED RATE PROMO EXTENDED!> LOWEST Home Loan FIXED Rate from 1.8%+! Compare 16 Banks at Zero Cost. ‚Ä™Up to $3,000 Cash Subsidy & $540 Shopping Vouchers To Be Given Out. Get The Best Deal For Home Loan And Refinancing Now! https://www.mortgageconsultancy.com.sg/",15,15,,,,,,,1410589159095686,/story.php?story_fbid=1410589159095686&id=409881809166431
Mortgage Consultancy,,2019-08-17 20:28:23,,9,9,,,,,,,1408975259257076,/story.php?story_fbid=1408975259257076&id=409881809166431
Mortgage Consultancy,,2019-08-17 20:21:03,,14,14,,,,,,,1408969672590968,/story.php?story_fbid=1408969672590968&id=409881809166431
Mortgage Consultancy,,2019-08-17 20:02:55,"Determination with an Optimistic Mind is the Key to Success! ‚ûñ‚ûñ‚ñ∂ Comment, Like, & Share The Message! Power Motivation by Mortgage Consultancy. Call us on - (+65-85565271) Visit us at - https://www.mortgageconsultancy.com.sg/ -www.facebook.com/consultmortgage #singapore #motivation #mortgagebroker https://youtu.be/hDEZGZ3AFSQ",7,7,,,,,,,1408959312592004,/story.php?story_fbid=1408959312592004&id=409881809166431
Mortgage Consultancy,,2019-08-12 20:10:53,"The Things You Do NOW will Determine Your Future! ‚ûñ‚ûñ‚ñ∂ Comment, Like, & Share The Message! Power Motivation by Mortgage Consultancy. Call us on - (+65-85565271) Visit us at - https://www.mortgageconsultancy.com.sg/ -www.facebook.com/consultmortgage #singapore #motivation #mortgagebroker https://youtu.be/5kRihO1pZQ4",8,8,,,,,,,1405266512961284,/story.php?story_fbid=1405266512961284&id=409881809166431
Mortgage Consultancy,,2019-08-12 16:08:43,,14,14,,,,,,,1405140309640571,/story.php?story_fbid=1405140309640571&id=409881809166431
Mortgage Consultancy,,2019-08-11 11:15:26,"<We are Open on This Long Public Holiday!> LOWEST Home Loan FIXED Rate from 1.8%+! Compare 16 Banks at Zero Cost. ‚Ä™Up to $3,000 Cash Subsidy & $540 Shopping Vouchers To Be Given Out. Get The Best Deal For Home Loan And Refinancing Now! https://www.mortgageconsultancy.com.sg/",16,15,,,1,,,,1404240026397266,/story.php?story_fbid=1404240026397266&id=409881809166431
Mortgage Consultancy,,2019-08-10 22:24:45,Mortgage Consultancy would like to wish our Muslim friends a Selamat Hari Raya Haji.,19,18,,,,1,,,1403832489771353,/story.php?story_fbid=1403832489771353&id=409881809166431
Mortgage Consultancy,,2019-08-09 22:40:26,Mortgage Consultancy wishes everyone a Happy National Day and long holiday ahead.,32,30,,2,,,,,1403093236511945,/story.php?story_fbid=1403093236511945&id=409881809166431
Mortgage Consultancy,,2019-08-09 00:14:03,"Take Care of Your Mindset & Everything will be Taken Care of! ‚ûñ‚ûñ‚ñ∂ Comment, Like, & Share The Message! Power Motivation by Mortgage Consultancy. Call us on - (+65-85565271) Visit us at - https://www.mortgageconsultancy.com.sg/ -www.facebook.com/consultmortgage #singapore #motivation #mortgagebroker https://youtu.be/UaP7w7P8uwU",32,30,,,,2,,,1402418279912774,/story.php?story_fbid=1402418279912774&id=409881809166431
Mortgage Consultancy,,2019-08-09 00:01:49,"<NATIONAL DAY PROMO CLOSING SOON!> LOWEST Home Loan FIXED Rate from 1.8%+! Compare 16 Banks at Zero Cost. ‚Ä™Up to $3,000 Cash Subsidy & $540 Shopping Vouchers To Be Given Out. Get The Best Deal For Home Loan And Refinancing Now! https://www.mortgageconsultancy.com.sg/",33,33,,,,,,,1402412649913337,/story.php?story_fbid=1402412649913337&id=409881809166431
Mortgage Consultancy,,2019-08-05 19:35:13,"Home owners looking to sell their property but UNSURE about the FAIR market price?  Get FREE instant market valuation on your property from our 16 bank partners in one go!  With our one stop service provider platform, home owners can no longer get confused over different prices quoted by different agents and can now avoid the MISTAKE of mismatch pricing.  This applies to HDB, condo, landed, commercial and even new launch properties!  100% transparency and hassle free!  Click here to claim your FREE valuation now! https://youtu.be/Uh6O2frZc9c",53,52,,1,,,,,1400135993474336,/story.php?story_fbid=1400135993474336&id=409881809166431
Mortgage Consultancy,,2019-08-04 16:19:39,"<NATIONAL DAY PROMO CLOSING SOON!> LOWEST Home Loan FIXED Rate from 1.8%+! Compare 16 Banks at Zero Cost. ‚Ä™Up to $3,000 Cash Subsidy & $540 Shopping Vouchers To Be Given Out. Get The Best Deal For Home Loan And Refinancing Now! https://youtu.be/9lJleDNRwGU",59,58,,1,,,,,1399301893557746,/story.php?story_fbid=1399301893557746&id=409881809166431
Mortgage Consultancy,,2019-08-04 10:56:57,"LOWEST Business Loan FIXED Rate from 3%+ for Sole Proprietors, SME & Business Owners! Compare 16 Banks in Singapore and Leave the Tedious Application and Approval Work to Us.  Our Objective is to Get Your Financing Approved Fast and Hassle Free so that You can Focus on Expanding your Business.   Get the Best Deal for Your Business Loan Now! https://youtu.be/HUoe5C1BMOA",47,46,,,1,,,,1399139686907300,/story.php?story_fbid=1399139686907300&id=409881809166431
Mortgage Consultancy,,2019-08-03 23:28:22,"Watch this Video Only if You are Feeling Down! ‚ûñ‚ûñ‚ñ∂ Comment, Like, & Share The Message! Power Motivation by Mortgage Consultancy. Call us on - (+65-85565271) Visit us at - https://www.mortgageconsultancy.com.sg/ -www.facebook.com/consultmortgage #singapore #motivation #mortgagebroker https://youtu.be/_xJvUocCQZo",21,21,,,,,,,1398779886943280,/story.php?story_fbid=1398779886943280&id=409881809166431
Mortgage Consultancy,,2019-08-03 23:09:40,"<NATIONAL DAY PROMO CLOSING SOON!> LOWEST Home Loan FIXED Rate from 1.8%+! Compare 16 Banks at Zero Cost. ‚Ä™Up to $3,000 Cash Subsidy & $540 Shopping Vouchers To Be Given Out. Get The Best Deal For Home Loan And Refinancing Now! https://www.mortgageconsultancy.com.sg/",38,38,,,,,,,1398768740277728,/story.php?story_fbid=1398768740277728&id=409881809166431
Mortgage Consultancy,,2019-08-02 23:42:30,,45,43,,1,,1,,,1398003067020962,/story.php?story_fbid=1398003067020962&id=409881809166431
Mortgage Consultancy,,2019-08-02 23:40:56,,31,31,,,,,,,1398001730354429,/story.php?story_fbid=1398001730354429&id=409881809166431
Mortgage Consultancy,,2019-08-02 23:40:29,,27,26,,,,1,,,1398001260354476,/story.php?story_fbid=1398001260354476&id=409881809166431
Mortgage Consultancy,,2019-08-02 23:40:09,,3,3,,,,,,,1398001017021167,/story.php?story_fbid=1398001017021167&id=409881809166431
Mortgage Consultancy,,2019-08-02 23:01:03,"A Goal Without a Plan is Just a Wish! ‚ûñ‚ûñ‚ñ∂ Comment, Like, & Share The Message! Power Motivation by Mortgage Consultancy. Call us on -    (+65-85565271) Visit us at - https://www.mortgageconsultancy.com.sg/ -www.facebook.com/consultmortgage #singapore #motivation #mortgagebroker https://youtu.be/s6AFWQV6SaA",24,24,,,,,,,1397979553689980,/story.php?story_fbid=1397979553689980&id=409881809166431
Mortgage Consultancy,,2019-08-01 22:03:08,"Think Out of the Box! ‚ûñ‚ûñ‚ñ∂ Comment, Like, & Share The Message! Power Motivation by Mortgage Consultancy. Call us on -    (+65-85565271) Visit us at - https://www.mortgageconsultancy.com.sg/ -www.facebook.com/consultmortgage #singapore #motivation #mortgagebroker https://youtu.be/71Uej059BiQ",26,26,,,,,,,1397228197098449,/story.php?story_fbid=1397228197098449&id=409881809166431
Mortgage Consultancy,,2019-08-01 21:53:34,"<CLOSING SOON!> LOWEST Home Loan FIXED Rate from 1.8%+! Compare 16 Banks at Zero Cost. ‚Ä™Up to $3,000 Cash Subsidy & $540 Shopping Vouchers To Be Given Out. Get The Best Deal For Home Loan And Refinancing Now! https://www.mortgageconsultancy.com.sg/",28,28,,,,,,,1397222723765663,/story.php?story_fbid=1397222723765663&id=409881809166431
Mortgage Consultancy,,2019-07-31 01:09:39,https://youtu.be/9lJleDNRwGU,49,49,,,,,,1,1395843287236940,/story.php?story_fbid=1395843287236940&id=409881809166431
Mortgage Consultancy,,2019-07-30 01:42:41,,38,38,,,,,,,1395074060647196,/story.php?story_fbid=1395074060647196&id=409881809166431
Mortgage Consultancy,,2019-07-30 01:42:19,,45,45,,,,,,1,1395073783980557,/story.php?story_fbid=1395073783980557&id=409881809166431
Mortgage Consultancy,,2019-07-30 01:41:57,,26,26,,,,,,1,1395073573980578,/story.php?story_fbid=1395073573980578&id=409881809166431
Mortgage Consultancy,,2019-07-30 01:41:35,,23,23,,,,,,,1395073243980611,/story.php?story_fbid=1395073243980611&id=409881809166431
Mortgage Consultancy,,2019-07-30 01:41:13,,44,43,,1,,,,,1395072973980638,/story.php?story_fbid=1395072973980638&id=409881809166431
Mortgage Consultancy,,2019-07-29 17:17:37,"What Does It Takes to Achieve Success? ‚ûñ‚ûñ‚ñ∂ Comment, Like, & Share The Message! Power Motivation by Mortgage Consultancy. Call us on -    (+65-85565271) Visit us at - https://www.mortgageconsultancy.com.sg/ -www.facebook.com/consultmortgage #singapore #motivation #mortgagebroker https://youtu.be/Yabcvi9RiI4",11,11,,,,,,,1394805057340763,/story.php?story_fbid=1394805057340763&id=409881809166431
Mortgage Consultancy,,2019-07-29 09:26:35,Compare the Best Business Loan Rates for SME Owners in Singapore!,47,47,,,,,,,1394590487362220,/story.php?story_fbid=1394590487362220&id=409881809166431
Mortgage Consultancy,,2019-07-28 16:09:23,"No One can Ever Stop You from Pursuing your Dream! ‚ûñ‚ûñ‚ñ∂ Comment, Like, & Share The Message! Power Motivation by Mortgage Consultancy. Call us on -    (+65-85565271) Visit us at - https://www.mortgageconsultancy.com.sg/ -www.facebook.com/consultmortgage #singapore #motivation #mortgagebroker https://youtu.be/q_USMCsJPS4",20,20,,,,,,,1394062230748379,/story.php?story_fbid=1394062230748379&id=409881809166431
Mortgage Consultancy,,2019-07-27 21:31:21,"Believe In Yourself and the Best Will Come! ‚ûñ‚ûñ‚ñ∂ Comment, Like, & Share The Message! Power Motivation by Mortgage Consultancy. Call us on -    (+65-85565271) Visit us at - https://www.mortgageconsultancy.com.sg/ -www.facebook.com/consultmortgage #singapore #motivation #mortgagebroker",31,29,,2,,,,,1393502834137652,/story.php?story_fbid=1393502834137652&id=409881809166431
Mortgage Consultancy,,2019-07-27 08:59:20,"Set a POWER Goal and Go All the Way! ‚ûñ‚ûñ‚ñ∂ Comment, Like, & Share The Message! Power Motivation by Mortgage Consultancy. Call us on -    (+65-85565271) Visit us at - https://www.mortgageconsultancy.com.sg/ -www.facebook.com/consultmortgage #singapore #motivation #mortgagebroker",43,42,,1,,,,,1393140384173897,/story.php?story_fbid=1393140384173897&id=409881809166431
Mortgage Consultancy,,2019-07-26 09:38:26,,30,30,,,,,,,1392284070926195,/story.php?story_fbid=1392284070926195&id=409881809166431
Mortgage Consultancy,,2019-07-26 09:38:09,,41,40,,1,,,,,1392283954259540,/story.php?story_fbid=1392283954259540&id=409881809166431
Mortgage Consultancy,,2019-07-26 09:37:25,,49,46,1,2,,,,,1392283654259570,/story.php?story_fbid=1392283654259570&id=409881809166431
Mortgage Consultancy,,2019-07-26 08:33:10,"<GOOD NEWS!> Due to the overwhelming response for the 1.8%+ FIXED rate National Day Promo Package, we will be working doubly hard and stepping up on manpower to assist on your applications during this crazy period!  PM our 24-Hour hotline +65 85565271 to get The Best Quote For Home Loan And Refinancing Now! With an alternative Option to Take Up a 5 year FIXED Rate. Compare 16 Banks at NO Cost to You. ‚Ä™Up to $3,000.00 CASH Reward & $540.00 Shopping Vouchers to Be Given Out. Its been a long while since we last see fixed rates going at below 2%. https://www.mortgageconsultancy.com.sg/",51,50,,1,,,,,1392256210928981,/story.php?story_fbid=1392256210928981&id=409881809166431
Mortgage Consultancy,,2019-07-26 00:08:30,"Finding the Best Property Agent in Singapore! ‚ûñ‚ûñ‚ñ∂ Comment, Like, & Share The Message! Learn the 5 Consideration Factors on Finding the Best Property Agent by Mortgage Consultancy. Call us on -    (+65-85565271) Visit us at - https://www.mortgageconsultancy.com.sg/ -www.facebook.com/consultmortgage #singapore #property agent #Best property agent #mortgagebroker #Singapore property agent #HDB agent",36,36,,,,,,,1392018904286045,/story.php?story_fbid=1392018904286045&id=409881809166431
Mortgage Consultancy,,2019-07-25 23:47:40,"The BEST Advice Given by my Dad! Be Passionate About What You are Doing! ‚ûñ‚ûñ‚ñ∂ Comment, Like, & Share The Message! Power Motivation by Mortgage Consultancy. Call us on -    (+65-85565271) Visit us at - https://www.mortgageconsultancy.com.sg/ -www.facebook.com/consultmortgage #singapore #motivation #mortgagebroker",39,39,,,,,,,1392004740954128,/story.php?story_fbid=1392004740954128&id=409881809166431
Mortgage Consultancy,,2019-07-24 23:39:48,"Think BIG, Dream BIG & Most Importantly Take BIG Action! ‚ûñ‚ûñ‚ñ∂ Comment, Like, & Share The Message! Power Motivation by Mortgage Consultancy Call us on -    (+65-85565271) Visit us at - https://www.mortgageconsultancy.com.sg/ -www.facebook.com/consultmortgage #singapore #motivation #mortgagebroker",37,36,,1,,,,,1391209524366983,/story.php?story_fbid=1391209524366983&id=409881809166431
Mortgage Consultancy,,2019-07-23 10:08:04,,63,60,,3,,,,,1389956201158982,/story.php?story_fbid=1389956201158982&id=409881809166431
Mortgage Consultancy,,2019-07-22 20:28:15,,66,64,,2,,,,,1389526724535263,/story.php?story_fbid=1389526724535263&id=409881809166431
Mortgage Consultancy,,2019-07-22 20:27:36,,37,35,,2,,,,,1389526187868650,/story.php?story_fbid=1389526187868650&id=409881809166431
Mortgage Consultancy,,2019-07-22 20:27:17,,47,47,,,,,,,1389525821202020,/story.php?story_fbid=1389525821202020&id=409881809166431
Mortgage Consultancy,,2019-07-21 17:33:11,"While most of us here in Singapore are constantly busy pursuing deadlines and assignments in our career, we must never forget to give ourselves time for exercise to upkeep a healthy and balanced lifestyle.  #WorkLifeBalancedMortgageConsultant",41,41,,,,,,,1388620941292508,/story.php?story_fbid=1388620941292508&id=409881809166431
Mortgage Consultancy,,2019-07-21 16:10:08,,25,25,,,,,,,1388578277963441,/story.php?story_fbid=1388578277963441&id=409881809166431
Mortgage Consultancy,,2019-07-20 16:35:45,"WOW!! Did I Just Hear the LOWEST Home Loan FIXED Rate at 1.8%+? With an alternative Option to Take Up a 5 year FIXED Rate. Compare 16 Banks at NO Cost to You. ‚Ä™Up to $3,000.00 CASH Reward & $540.00 Shopping Vouchers to Be Given Out. Get The Best Quote For Home Loan And Refinancing Now! https://www.mortgageconsultancy.com.sg/",54,54,,,,,,,1387689794718956,/story.php?story_fbid=1387689794718956&id=409881809166431
Mortgage Consultancy,,2019-07-19 10:43:37,"In Mortgage Consultancy, we strive to constantly value add our clients with latest updates on bank rates and Creative Financing techniques which can help them in expanding their asset planning.  One of them is buying property in Singapore with no money down.  Curious to find out more, click the link below and get in touch with our Consultants now!  https://www.mortgageconsultancy.com.sg",42,42,,,,,,,1386749248146344,/story.php?story_fbid=1386749248146344&id=409881809166431
Mortgage Consultancy,,2019-07-18 14:40:00,,51,49,,1,1,,,,1386068084881127,/story.php?story_fbid=1386068084881127&id=409881809166431
Mortgage Consultancy,,2019-07-17 23:38:33,"<NATIONAL DAY PROMO IS BACK!> LOWEST Home Loan FIXED Rate from 1.8%+! Compare 16 Banks at Zero Cost. ‚Ä™Up to $3,000 Cash Subsidy & $540 Shopping Vouchers To Be Given Out. Get The Best Deal For Home Loan And Refinancing Now! https://www.mortgageconsultancy.com.sg",28,28,,,,,,,1385636411590961,/story.php?story_fbid=1385636411590961&id=409881809166431
Mortgage Consultancy,,2019-07-15 19:15:39,"<NATIONAL DAY PROMO IS BACK!> LOWEST Home Loan FIXED Rate from 1.8%+! Compare 16 Banks at Zero Cost. ‚Ä™Up to $3,000 Cash Subsidy & $540 Shopping Vouchers To Be Given Out. Get The Best Deal For Home Loan And Refinancing Now! https://www.mortgageconsultancy.com.sg",37,36,,1,,,,,1383916055096330,/story.php?story_fbid=1383916055096330&id=409881809166431
Mortgage Consultancy,,2019-07-15 16:09:31,"Our mortgage & business advisory consultants are always on the go. In Mortgage Consultancy, we provide a one stop service for all bank loans in Singapore and come to you at your doorstep to make the financing application easy and hassle free! https://www.mortgageconsultancy.com.sg",45,45,,,,,,,1383815525106383,/story.php?story_fbid=1383815525106383&id=409881809166431
Mortgage Consultancy,,2019-07-12 15:48:06,"<JOB POSITIONS AVAILABLE> 1) Business Consultants  2) Telesales Representatives Personnel with sales and telemarketing experience, housewives, school leavers and ORD personnel are welcome. Basic Pay + Attractive Commission + Allowance. Good career path and training provided.  Good communication skills required. Email resume to: admin@mortgageconsultancy.com.sg and kindly indicate the position that you are applying for.",43,43,,,,,,,1381419815345954,/story.php?story_fbid=1381419815345954&id=409881809166431
Mortgage Consultancy,,2019-07-11 11:19:39,,37,37,,,,,,,1380494455438490,/story.php?story_fbid=1380494455438490&id=409881809166431
Mortgage Consultancy,,2019-07-11 11:19:20,,40,40,,,,,,,1380494195438516,/story.php?story_fbid=1380494195438516&id=409881809166431
Mortgage Consultancy,,2019-07-11 10:59:22,Our Facebook page has received 5000 LIKES and the fan base is still growing!  Thank you for your support and we shall continue to empower and value add our clients with the LATEST bank rates.  https://www.facebook.com/consultmortgage,38,38,,,,,,,1380485028772766,/story.php?story_fbid=1380485028772766&id=409881809166431
Mortgage Consultancy,,2019-07-08 17:19:00,How can SME Micro Loan Help Small Business Owners to Expand their Operations?,36,36,,,,,,,1378455408975728,/story.php?story_fbid=1378455408975728&id=409881809166431
Mortgage Consultancy,,2019-07-05 20:45:07,,31,31,,,,,,,1376292705858665,/story.php?story_fbid=1376292705858665&id=409881809166431
Mortgage Consultancy,,2019-07-05 20:44:46,,29,29,,,,,,,1376292542525348,/story.php?story_fbid=1376292542525348&id=409881809166431
Mortgage Consultancy,,2019-07-05 20:44:27,,38,37,,1,,,,,1376292295858706,/story.php?story_fbid=1376292295858706&id=409881809166431
Mortgage Consultancy,,2019-07-05 20:44:07,,48,47,,1,,,,,1376292139192055,/story.php?story_fbid=1376292139192055&id=409881809166431
Mortgage Consultancy,,2019-07-05 20:43:49,,31,31,,,,,,,1376291905858745,/story.php?story_fbid=1376291905858745&id=409881809166431
Mortgage Consultancy,,2019-07-05 20:43:22,,25,25,,,,,,1,1376291569192112,/story.php?story_fbid=1376291569192112&id=409881809166431
Mortgage Consultancy,,2019-07-03 21:30:56,,35,35,,,,,,,1374929282661674,/story.php?story_fbid=1374929282661674&id=409881809166431
Mortgage Consultancy,,2019-07-02 10:42:20,A Quick Summary for SME Owners on Basic Criteria for Working Capital Loan Application,45,45,,,,,,,1373791192775483,/story.php?story_fbid=1373791192775483&id=409881809166431
Mortgage Consultancy,,2019-07-01 21:17:39,,36,36,,,,,,,1373343179486951,/story.php?story_fbid=1373343179486951&id=409881809166431
Mortgage Consultancy,,2019-06-29 23:27:04,"Lowest Home Loan Rates from 1.9%+! Compare 16 Banks at NO Cost to You. ‚Ä™Up to $3,000.00 CASH Reward & $400 Shopping Vouchers to Be Given Out. Get The Best Quote For Home Loan And Refinancing Now! PM out hotline +65 85565271 or visit us at  https://www.mortgageconsultancy.com.sg",53,53,,,,,,,1371762742978328,/story.php?story_fbid=1371762742978328&id=409881809166431
Mortgage Consultancy,,2019-06-28 21:07:42,,35,34,,1,,,,,1370947659726503,/story.php?story_fbid=1370947659726503&id=409881809166431
Mortgage Consultancy,,2019-06-28 21:05:16,,38,37,,1,,,,,1370946269726642,/story.php?story_fbid=1370946269726642&id=409881809166431
Mortgage Consultancy,,2019-06-28 17:35:58,Should I buy a HDB Resale or BTO flat?,35,34,,1,,,,,1370838133070789,/story.php?story_fbid=1370838133070789&id=409881809166431
Mortgage Consultancy,,2019-06-26 12:01:53,,46,46,,,,,,,1368997913254811,/story.php?story_fbid=1368997913254811&id=409881809166431
Mortgage Consultancy,,2019-06-23 17:27:53,"Bundled Deal for HDB Home Owners Only! Get $1,800.00 CASH Reward when you refinance your HDB home loan to 2.08%.   Curious about it?  Click here to find out more! PM out hotline +65 85565271 or visit us at  https://www.mortgageconsultancy.com.sg",47,46,,1,,,,,1366633313491271,/story.php?story_fbid=1366633313491271&id=409881809166431
Mortgage Consultancy,,2019-06-23 11:29:16,"<PROMO CLOSING ON 30TH JUNE 2019!!> Did I Just Hear the LOWEST Home Loan FIXED Rate at 2.2%+? With an Option to Take Up a 5 year FIXED Rate. Compare 16 Banks at NO Cost to You. ‚Ä™Up to $3,000.00 CASH Reward & $400 Shopping Vouchers to Be Given Out. Get The Best Quote For Home Loan And Refinancing Now! PM out hotline +65 85565271 or visit us at  https://www.mortgageconsultancy.com.sg",42,42,,,,,,,1366438983510704,/story.php?story_fbid=1366438983510704&id=409881809166431
Mortgage Consultancy,,2019-06-23 11:27:10,,53,53,,,,,,,1366437856844150,/story.php?story_fbid=1366437856844150&id=409881809166431
Mortgage Consultancy,,2019-06-19 01:10:02,"WOW!! Did I Just Hear the LOWEST Home Loan FIXED Rate at 2.2%+? With an Option to Take Up a 5 year FIXED Rate. Compare 16 Banks at NO Cost to You. ‚Ä™Up to $3,000.00 CASH Reward & $400 Shopping Vouchers to Be Given Out. Get The Best Quote For Home Loan And Refinancing Now! https://www.mortgageconsultancy.com.sg/",52,52,,,,,,,1362817380539531,/story.php?story_fbid=1362817380539531&id=409881809166431
Mortgage Consultancy,,2019-06-17 01:26:29,,56,56,,,,,,,1361213424033260,/story.php?story_fbid=1361213424033260&id=409881809166431
Mortgage Consultancy,,2019-06-14 00:23:49,,32,32,,,,,,,1358631377624798,/story.php?story_fbid=1358631377624798&id=409881809166431
Mortgage Consultancy,,2019-06-14 00:23:17,,39,39,,,,,,,1358630980958171,/story.php?story_fbid=1358630980958171&id=409881809166431
Mortgage Consultancy,,2019-06-14 00:22:59,,28,28,,,,,,,1358630750958194,/story.php?story_fbid=1358630750958194&id=409881809166431
Mortgage Consultancy,,2019-06-14 00:22:39,,51,49,,,2,,,,1358630387624897,/story.php?story_fbid=1358630387624897&id=409881809166431
Mortgage Consultancy,,2019-06-14 00:22:17,,37,37,,,,,,,1358630024291600,/story.php?story_fbid=1358630024291600&id=409881809166431
Mortgage Consultancy,,2019-06-08 12:47:02,"LIVE LIFE TO THE FULLEST  Many times we work very hard for our career and business. Day and night, working tirelessly and endlessly. And in a flash of moment, years have passed and we may have overlooked other aspects and our loved ones which may not make one‚Äôs life complete.  Start with small activities like setting aside 15 minutes in a quiet spot to do some self reflection or having a heart to heart talk with your loved ones.  This can make a DIFFERENCE over time.  Have a good weekend ahead!  #mortgagebroker #besthomeloan #investmentsg #sgproperty #sgrealestate #thisissingapore #mortgageconsultancy #refinance #hdbloan #hdbagent #bankloan #housingloan #SMEloan #homeloan #singaporehomeloan #personalloan #HDBBTO #HDBresale #homeloancalculator #newlaunchcondo #mortgageloan",33,33,,,,,,,1353926488095287,/story.php?story_fbid=1353926488095287&id=409881809166431
Mortgage Consultancy,,2019-06-08 06:32:08,,17,17,,,,,,,1353713194783283,/story.php?story_fbid=1353713194783283&id=409881809166431
Mortgage Consultancy,,2019-06-06 16:56:16,,19,19,,,,,,,1352453134909289,/story.php?story_fbid=1352453134909289&id=409881809166431
Mortgage Consultancy,,2019-06-06 16:55:53,,24,24,,,,,,,1352452744909328,/story.php?story_fbid=1352452744909328&id=409881809166431
Mortgage Consultancy,,2019-06-06 16:55:33,,13,13,,,,,,,1352452348242701,/story.php?story_fbid=1352452348242701&id=409881809166431
Mortgage Consultancy,,2019-06-06 16:55:14,,19,19,,,,,,,1352451978242738,/story.php?story_fbid=1352451978242738&id=409881809166431
Mortgage Consultancy,,2019-06-06 16:53:20,,14,14,,,,,,,1352450608242875,/story.php?story_fbid=1352450608242875&id=409881809166431
Mortgage Consultancy,,2019-06-05 15:54:08,Mortgage Consultancy team wishes all our Muslim friends a Selamat Hari Raya.,13,13,,,,,,,1351667478321188,/story.php?story_fbid=1351667478321188&id=409881809166431
Mortgage Consultancy,,2019-06-04 00:40:27,,5,5,,,,,,,1350369251784344,/story.php?story_fbid=1350369251784344&id=409881809166431
Mortgage Consultancy,,2019-06-02 21:21:59,Sharing.,13,13,,,,,,6,1349458311875438,/story.php?story_fbid=1349458311875438&id=409881809166431
Mortgage Consultancy,,2019-06-02 11:41:59,"Dear Property Sellers and Investors,  Unsure about your next property purchase? ‚Ä¢ Any cash payment to set aside?  ‚Ä¢ How much housing loan can I take?  ‚Ä¢ Can I afford to buy a bigger HDB, condo or landed property?  ‚Ä¢ I do not have extra funds or cash to pay for my next property purchase downpayment.  ‚Ä¢ Which bank offers the lowest interest rates?  ‚Ä¢ I have past credit records with banks and unsure which bank can approve my next property loan?  Click here to find out more!  We can help you SAVE up to $100,000 to $300,000.  https://www.mortgageconsultancy.com.sg/investors-program",13,13,,,,,,5,1349159405238662,/story.php?story_fbid=1349159405238662&id=409881809166431
Mortgage Consultancy,,2019-06-02 11:37:13,"Finding the Best Property Agent?  With 2000 HDB and Private properties valued at more than $800 million dollars worth of retail mortgages under our management, we can compare and refer Property agents based on our home owners‚Äô reviews and feedback.  A Free one stop service to compare different property agents with no obligation to engage.  This works for all property Sellers, buyers, landlords and tenants.  Click here to find out more. https://www.mortgageconsultancy.com.sg/investors-program",9,9,,,,,,,1349156888572247,/story.php?story_fbid=1349156888572247&id=409881809166431
Mortgage Consultancy,,2019-06-02 11:29:30,"THIS POST IS FOR ALL HDB SELLERS & BUYERS!  Before you even commence on your housing plans, this is ONE VERY IMPORTANT question you should be asking.  Should I take up a housing loan from HDB or bank?  Just like the normal Singaporean, here are some of the consideration factors that most of us may have thought of... ‚Ä¢ Is HDB loan interest rate really GUARANTEED and deem as a safe haven?  ‚Ä¢ If I am going to take up a HDB loan for the second or more time, how would this affect the amount of cash I will take back from the intended sale of my current HDB flat?  ‚Ä¢ Can I still use my CPF funds to pay for bank loan housing instalment?  ‚Ä¢ Between HDB and bank loan, what‚Äôs the difference in monthly instalment and interest savings?  ‚Ä¢ Is it true that a single household can acquire 2 and more properties at a maximum 75%-80% property loan?  Allow us to share with you a way to look at this in a total different perspective.  With the right financing strategy, this can help you SAVE $100,000 - $300,000.  To find out more, simply click the button below. https://www.mortgageconsultancy.com.sg/investors-program",11,11,,,,,,,1349153325239270,/story.php?story_fbid=1349153325239270&id=409881809166431
Mortgage Consultancy,,2019-05-30 17:30:48,,16,16,,,,,,7,1346871985467404,/story.php?story_fbid=1346871985467404&id=409881809166431
Mortgage Consultancy,,2019-05-30 17:30:16,,10,10,,,,,,5,1346871628800773,/story.php?story_fbid=1346871628800773&id=409881809166431
Mortgage Consultancy,,2019-05-30 17:29:51,,11,11,,,,,,,1346871245467478,/story.php?story_fbid=1346871245467478&id=409881809166431
Mortgage Consultancy,,2019-05-27 23:12:57,"Dear SME Business Owners, Facing the following issues: Securing a business loan with the banks in Singapore a very tedious and difficult process. No time to compare the best rates and prepare the documents for approval.  Unsure about which business loan that suits you the most? Business term loan, overdraft facility, micron loan, working capital loan etc Application being rejected by banks after putting in a lot of effort and time in getting the documents. Having big plans to expand and bring your business to the next greater heights but short of capital to do so. ÔøΩ If you belong to one of this group, click here to get your FREE bank business loan comparison quote from as LOW as 3%+ Interest rate! https://www.mortgageconsultancy.com.sg/copy-of-investors-program",21,21,,,,,,5,1344825439005392,/story.php?story_fbid=1344825439005392&id=409881809166431
Mortgage Consultancy,,2019-05-26 22:01:20,,14,14,,,,,,,1343994865755116,/story.php?story_fbid=1343994865755116&id=409881809166431
Mortgage Consultancy,,2019-05-26 22:00:49,,17,17,,,,,,,1343994425755160,/story.php?story_fbid=1343994425755160&id=409881809166431
Mortgage Consultancy,,2019-05-26 21:46:12,"Most Property Owners would NOT know this! For the month of May 2019, here's the 4 MOST competitive home loan packages for you to choose from: A) Board & Sibor linked plan from 2.05% B) FIXED rate from 2.3% C) FIXED rate for 1-5 years D) Plans with up to $3,000.00 CASH REWARDS & $400 shopping vouchers! With our 4-step comprehensive mortgage plan, we can help you SAVE few thousands or even up to tens of thousands of DOLLARS in INTEREST! Curious about it?  Click here to find out more! https://www.mortgageconsultancy.com.sg",17,17,,,,,,1,1343983632422906,/story.php?story_fbid=1343983632422906&id=409881809166431
Mortgage Consultancy,,2019-05-18 09:08:38,"Home owners looking to sell their property but unsure about how much to ask for their selling price?  Get instant FREE market valuation on your property from our 16 bank partners in one go!  With our smart platform, home owners no longer get confused over the different prices of various properties and can now avoid the mistake of mismatch pricing.  100% transparency and hassle free!  Click here to find out more.  https://www.mortgageconsultancy.com.sg/investors-program",15,15,,,,,,,1337361643085105,/story.php?story_fbid=1337361643085105&id=409881809166431
Mortgage Consultancy,,2019-05-18 08:49:54,"Most Property Owners would NOT know this! For the month of May 2019, here's the 4 MOST competitive home loan packages for you to choose from: A) Board & Sibor linked plan from 2.05%  B) FIXED rate from 2.3% C) FIXED rate for 1-5 years  D) Plans with up to $3,000.00 CASH REWARDS & $400 shopping vouchers! With our 4-step comprehensive mortgage plan, we can help you SAVE few thousands or even up to tens of thousands of DOLLARS in INTEREST! If you think that you are paying TOO MUCH for your housing loan, click here to get your FREE answers to the promotional rates now!",19,19,,,,,,1,1337350519752884,/story.php?story_fbid=1337350519752884&id=409881809166431
Mortgage Consultancy,,2019-05-17 09:23:24,6 Important Points To Take Note Before Refinancing Your Home Loan,14,14,,,,,,,1336535669834369,/story.php?story_fbid=1336535669834369&id=409881809166431
Mortgage Consultancy,,2019-05-17 09:18:07,"Lowest Home Loan From 2.05% Compare 16 Banks at Zero Cost ‚Ä™Up to $3,000 Cash Subsidy & $400 Shopping Vouchers To Be Given Out. Get The Best Deal For Home Loan And Refinancing Now! https://www.mortgageconsultancy.com.sg/",10,10,,,,,,,1336532986501304,/story.php?story_fbid=1336532986501304&id=409881809166431
Mortgage Consultancy,,2019-05-17 09:15:04,,11,11,,,,,,,1336530986501504,/story.php?story_fbid=1336530986501504&id=409881809166431
Mortgage Consultancy,,2019-05-17 09:14:45,,12,12,,,,,,,1336530699834866,/story.php?story_fbid=1336530699834866&id=409881809166431
Mortgage Consultancy,,2019-05-17 09:14:17,,26,25,1,,,,,,1336530356501567,/story.php?story_fbid=1336530356501567&id=409881809166431
Mortgage Consultancy,,2019-05-09 12:09:03,,14,14,,,,,,,1330497147104888,/story.php?story_fbid=1330497147104888&id=409881809166431
Mortgage Consultancy,,2019-05-09 12:08:44,,20,20,,,,,,,1330496933771576,/story.php?story_fbid=1330496933771576&id=409881809166431
Mortgage Consultancy,,2019-05-09 12:08:26,,19,19,,,,,,,1330496670438269,/story.php?story_fbid=1330496670438269&id=409881809166431
Mortgage Consultancy,,2019-05-05 17:57:02,"Calling all Telemarketers, Door Knockers, Direct Sales Personnel, Housewives, ORD Personnel, Poly & ‚ÄòO‚Äô/‚ÄòN‚Äô Level School Leavers! 3 Business Consultants Wanted!  Job Nature to Advise Business Owners in Singapore on Business Funding and Expansion Strategies. Requirements:  No Educational Qualifications.  FREE Training & Guidance Provided.  Zero Entry Cost. No Need to Take Exams.  Flexible Hours.  Potential Monthly Income $6K-$9K on FULL Commission Basis.  Optional Career Path to Management Role.  Office Located Near to Tanjong Pagar MRT Station. PM Us at +65 85565271.  https://www.mortgageconsultancy.com.sg",19,19,,,,,,,1327716427382960,/story.php?story_fbid=1327716427382960&id=409881809166431
Mortgage Consultancy,,2019-05-05 17:53:39,"Dear SME Business Owners, Facing the following issues: Securing a business loan with the banks in Singapore a very tedious and difficult process. No time to compare the best rates and prepare the documents for approval. Unsure about which business loan that suits you the most? Business term loan, overdraft facility, micron loan, working capital loan etc Application being rejected by banks after putting in a lot of effort and time in getting the documents. Having big plans to expand and bring your business to the next greater heights but short of capital to do so. ÔøΩ If you belong to one of this group, click here to get your FREE bank business loan comparison quote from as LOW as 3%+ Interest rate!",14,14,,,,,,,1327714814049788,/story.php?story_fbid=1327714814049788&id=409881809166431
Mortgage Consultancy,,2019-05-05 17:52:01,"Lowest Home Loan From 2.05% Compare 16 Banks at Zero Cost ‚Ä™Up to $3,000 Cash Subsidy & $400 Shopping Vouchers To Be Given Out. Get The Best Deal For Home Loan And Refinancing Now!",9,9,,,,,,,1327714160716520,/story.php?story_fbid=1327714160716520&id=409881809166431
Mortgage Consultancy,,2019-05-04 20:51:55,,12,11,,,1,,,,1327065560781380,/story.php?story_fbid=1327065560781380&id=409881809166431
Mortgage Consultancy,,2019-05-04 20:51:34,,8,8,,,,,,,1327065340781402,/story.php?story_fbid=1327065340781402&id=409881809166431
Mortgage Consultancy,,2019-05-04 20:51:13,,12,12,,,,,,,1327065087448094,/story.php?story_fbid=1327065087448094&id=409881809166431
Mortgage Consultancy,,2019-05-04 20:50:43,,9,9,,,,,,,1327064687448134,/story.php?story_fbid=1327064687448134&id=409881809166431
Mortgage Consultancy,,2019-05-04 20:50:13,,8,8,,,,,,,1327064357448167,/story.php?story_fbid=1327064357448167&id=409881809166431
Mortgage Consultancy,,2019-05-04 20:46:51,Ways to Reduce Monthly Instalment for your Home Loan,6,6,,,,,,,1327062534115016,/story.php?story_fbid=1327062534115016&id=409881809166431
Mortgage Consultancy,,2019-04-30 15:06:10,How Long will interest rates for home loans continue to rise?,12,12,,,,,,,1323966797757923,/story.php?story_fbid=1323966797757923&id=409881809166431
Mortgage Consultancy,,2019-04-28 14:03:40,4 Types of Property Bank Loan Packages,17,17,,,,,,,1322479724573297,/story.php?story_fbid=1322479724573297&id=409881809166431
Mortgage Consultancy,,2019-04-27 17:27:05,,16,16,,,,,,,1321881094633160,/story.php?story_fbid=1321881094633160&id=409881809166431
Mortgage Consultancy,,2019-04-27 17:26:42,,10,10,,,,,,,1321880884633181,/story.php?story_fbid=1321880884633181&id=409881809166431
Mortgage Consultancy,,2019-04-27 17:26:22,,12,12,,,,,,,1321880637966539,/story.php?story_fbid=1321880637966539&id=409881809166431
Mortgage Consultancy,,2019-04-27 17:26:06,,12,12,,,,,,,1321880421299894,/story.php?story_fbid=1321880421299894&id=409881809166431
Mortgage Consultancy,,2019-04-27 17:25:33,,13,13,,,,,,,1321880151299921,/story.php?story_fbid=1321880151299921&id=409881809166431
Mortgage Consultancy,,2019-04-21 18:05:47,"Lowest Home Loan From 2.05% Compare 16 Banks at Zero Cost ‚Ä™Up to $3,000 Cash Subsidy & $680 Shopping Vouchers To Be Given Out. Get The Best Deal For Home Loan And Refinancing Now! https://www.mortgageconsultancy.com.sg/",18,18,,,,,,1,1317667478387855,/story.php?story_fbid=1317667478387855&id=409881809166431
Mortgage Consultancy,,2019-04-21 18:03:38,"WOW!! Did I Just Hear the LOWEST Home Loan FIXED Rate at 2.3%+? With an Option to Take Up a 5 year FIXED Rate. Compare 16 Banks at NO Cost to You. ‚Ä™Up to $3,000.00 CASH Reward & $680 Shopping Vouchers to Be Given Out. Get The Best Quote For Home Loan And Refinancing Now! https://www.mortgageconsultancy.com.sg/",19,19,,,,,,,1317666655054604,/story.php?story_fbid=1317666655054604&id=409881809166431
Mortgage Consultancy,,2019-04-21 17:57:58,"Dear SME Business Owners, Facing the following issues? Securing a business loan with the banks in Singapore a very tedious and difficult process. No time to compare the best rates and prepare the documents for approval. Unsure about which business loan that suits you the most? Business term loan, overdraft facility, micron loan, working capital loan etc Application being rejected by banks after putting in a lot of effort and time in getting the documents. Having big plans to expand and bring your business to the next greater heights but short of capital to do so. ÔøΩ If you belong to one of this group, click here to get your FREE bank business loan comparison quote from as LOW as 3%+ Interest rate!",17,17,,,,,,,1317663925054877,/story.php?story_fbid=1317663925054877&id=409881809166431
Mortgage Consultancy,,2019-04-21 17:53:15,"Dear Property Sellers and Buyers, Are you facing the following issues but unsure about how to go about doing it? ÔøΩ Upgrade to a CONDO or LANDED PROPERTY? ÔøΩ Own 2 or more properties in Singapore? ÔøΩ Plan to CASH OUT $100,000 - $300,000 from your existing property, whether it‚Äôs through sale or equity term loan financing. We work with only the best property consultants, reputable developers & 16 banks in Singapore to help you achieve more without stress. If you belong to one of this group, click here to get your FREE eligibility assessment and housing financial check. https://www.mortgageconsultancy.com.sg/investors-program",16,16,,,,,,,1317660981721838,/story.php?story_fbid=1317660981721838&id=409881809166431
Mortgage Consultancy,,2019-04-19 14:06:24,Happy Good Friday and have a lovely holiday!,15,15,,,,,,,1316180248536578,/story.php?story_fbid=1316180248536578&id=409881809166431
Mortgage Consultancy,,2019-04-18 15:03:27,,11,11,,,,,,,1315465088608094,/story.php?story_fbid=1315465088608094&id=409881809166431
Mortgage Consultancy,,2019-04-18 15:03:07,,9,9,,,,,,,1315464901941446,/story.php?story_fbid=1315464901941446&id=409881809166431
Mortgage Consultancy,,2019-04-18 15:02:46,,9,9,,,,,,,1315464565274813,/story.php?story_fbid=1315464565274813&id=409881809166431
Mortgage Consultancy,,2019-04-16 08:38:22,,10,10,,,,,,,1313871608767442,/story.php?story_fbid=1313871608767442&id=409881809166431
Mortgage Consultancy,,2019-04-16 08:38:02,,11,11,,,,,,,1313871325434137,/story.php?story_fbid=1313871325434137&id=409881809166431
Mortgage Consultancy,,2019-04-15 10:56:40,,8,8,,,,,,,1313214322166504,/story.php?story_fbid=1313214322166504&id=409881809166431
Mortgage Consultancy,,2019-04-15 10:55:37,,11,11,,,,,,,1313213858833217,/story.php?story_fbid=1313213858833217&id=409881809166431
Mortgage Consultancy,,2019-04-12 09:26:34,,5,5,,,,,,,1311147692373167,/story.php?story_fbid=1311147692373167&id=409881809166431
Mortgage Consultancy,,2019-04-12 09:26:15,,3,3,,,,,,,1311147529039850,/story.php?story_fbid=1311147529039850&id=409881809166431
Mortgage Consultancy,,2019-04-12 09:25:55,,9,9,,,,,,,1311147385706531,/story.php?story_fbid=1311147385706531&id=409881809166431
Mortgage Consultancy,,2019-04-12 09:25:31,,20,20,,,,,,,1311147099039893,/story.php?story_fbid=1311147099039893&id=409881809166431
Mortgage Consultancy,,2019-04-06 12:38:52,"Dear property owners, Are you facing one of these issues currently? ÔøΩWondering how you can convert one flat into a brand new condo and landed property or even 2 at the same time? ÔøΩHow a family household is able to obtain a 75%-80% MAXIMUM loan from the banks even for their 2nd property? ÔøΩBusiness owners wanting to buy their own office or property but have difficulty in raising funds for downpayment? ÔøΩGetting MORE than 100% financing on your business property? With our in-house Creative financing methods, many property owners have benefitted from it! We work with only the best property consultants, reputable developers & 16 banks in Singapore to help you achieve more without stress. Curious about it? Click here to find out more www.mortgageconsultancy.com.sg",9,9,,,,,,,1307152126106057,/story.php?story_fbid=1307152126106057&id=409881809166431
Mortgage Consultancy,,2019-04-06 12:33:35,Look out for our Business & Mortgage Consultants in office buildings at town area on next week. We have some promo campaigns on the best financing rates to share. Do say ‚ÄúHi‚Äù to us when you see us! Www.mortgageconsultancy.com.sg,8,8,,,,,,,1307149276106342,/story.php?story_fbid=1307149276106342&id=409881809166431
Mortgage Consultancy,,2019-04-05 21:29:12,,13,13,,,,,,,1306669286154341,/story.php?story_fbid=1306669286154341&id=409881809166431
